4827BRT;03/03/2026;08:00:17
9153CLX;03/03/2026;08:01:42
1048DMN;03/03/2026;08:02:05
7732FVS;03/03/2026;08:03:58
6601GYP;03/03/2026;08:04:33
2984HJK;03/03/2026;08:05:21
8450KTR;03/03/2026;08:06:49
3907LWN;03/03/2026;08:07:12
5579MBZ;03/03/2026;08:08:54
2316BSC;03/03/2026;08:09:08
7642CRY;03/03/2026;08:10:36
1185DVP;03/03/2026;08:11:27
9024FZT;03/03/2026;08:12:59
4471GML;03/03/2026;08:13:44
6830HXR;03/03/2026;08:14:11
2597KPN;03/03/2026;08:15:39
7318LTS;03/03/2026;08:16:02
5463MVR;03/03/2026;08:17:48
8702BXL;03/03/2026;08:18:14
1934CFP;03/03/2026;08:19:57
6628DRZ;03/03/2026;08:20:06
5081FNY;03/03/2026;08:21:41
3490GTP;03/03/2026;08:22:25
7814HRS;03/03/2026;08:23:53
2269KWB;03/03/2026;08:24:19
9540LZD;03/03/2026;08:25:32
3176MXS;03/03/2026;08:26:47
6408BTR;03/03/2026;08:27:09
8751CPN;03/03/2026;08:28:51
1293DLS;03/03/2026;08:29:13
7026FVR;03/03/2026;08:30:38
5584GZN;03/03/2026;08:31:22
9347HYP;03/03/2026;08:32:45
2860KRM;03/03/2026;08:33:04
6119LTX;03/03/2026;08:34:56
4735MBR;03/03/2026;08:35:29
8201BWN;03/03/2026;08:36:34
1678CZS;03/03/2026;08:37:18
9042DRV;03/03/2026;08:38:07
3589FPN;03/03/2026;08:39:52
7421GXT;03/03/2026;08:40:23
6154HVR;03/03/2026;08:41:46
2890KYS;03/03/2026;08:42:11
8307LBN;03/03/2026;08:43:55
1946MTR;03/03/2026;08:44:37
5612BXP;03/03/2026;08:45:03
9783CWN;03/03/2026;08:46:40
2435DFR;03/03/2026;08:47:26
6849FZS;03/03/2026;08:48:12
3197GRT;03/03/2026;08:49:58
8526HNP;03/03/2026;08:50:21
4703KVS;03/03/2026;08:51:43
1284LXR;03/03/2026;08:52:09
9901MBN;03/03/2026;08:53:36
5570BZT;03/03/2026;08:54:24
3016CPR;03/03/2026;08:55:51
7468DWN;03/03/2026;08:56:17
2149FYS;03/03/2026;08:57:42
6835GVR;03/03/2026;08:58:05
9057HZN;03/03/2026;08:59:33
3724KRP;03/03/2026;09:00:14
6180LTS;03/03/2026;09:01:48
4572MXL;03/03/2026;09:02:31
8093BVR;03/03/2026;09:03:06
1765CNP;03/03/2026;09:04:55
9340DRS;03/03/2026;09:05:19
5208FWT;03/03/2026;09:06:44
7819GYR;03/03/2026;09:07:02
2637HXB;03/03/2026;09:08:37
6491KZN;03/03/2026;09:09:23
1180LPR;03/03/2026;09:10:59
8724MBT;03/03/2026;09:11:16
4307BNS;03/03/2026;09:12:41
6958CRV;03/03/2026;09:13:28
2519DYP;03/03/2026;09:14:53
9045FTR;03/03/2026;09:15:07
3170GWN;03/03/2026;09:16:46
7682HZS;03/03/2026;09:17:12
5824KXR;03/03/2026;09:18:35
1493LVP;03/03/2026;09:19:58
9936MRT;03/03/2026;09:20:04
2607BXL;03/03/2026;09:21:27
7348CPN;03/03/2026;09:22:49
4185DRT;03/03/2026;09:23:18
6809FVP;03/03/2026;09:24:56
9071GYS;03/03/2026;09:25:33
3514HZN;03/03/2026;09:26:12
7290KTR;03/03/2026;09:27:45
5648LXN;03/03/2026;09:28:03
1827MVS;03/03/2026;09:29:51
8459BPR;03/03/2026;09:30:26
3701CZT;03/03/2026;09:31:09
6924DWN;03/03/2026;09:32:57
2548FYS;03/03/2026;09:33:14
9132GVR;03/03/2026;09:34:39
4806HXT;03/03/2026;09:35:22
7615KZN;03/03/2026;09:36:48
3294LRS;03/03/2026;09:37:05
6087MBP;03/03/2026;09:38:31
1742BVT;03/03/2026;09:39:54